[
    {
        "name": "Chew Barka",
        "breed": "Bichon",
        "age": "",
        "weight": 8,
        "bio": "The park, The pool or the Playground - I love to go anywhere! I am really great at... SQUIRREL!",
        "image": "pet1.png"
    },
    {
        "name": "Spark Pug",
        "breed": "Pug",
        "age": "hidden",
        "weight": 11,
        "bio": "You want to go to the dog park in style? Then I am your pug!",
        "image": "pet2.png"
    },
    {
        "name": "Pico de Gato",
        "breed": "Bengal",
        "weight": 9,
        "bio": "Oh hai, if you do not have a can of salmon I am not interested.",
        "image": "pet3.png"
    },
    {
        "name": "Pancake",
        "age": "1 year",
        "weight": 9,
        "bio": "Treats and Snoozin!",
        "image": "pancake.png",
        "breed": "Bulldog"
    }
]
